{"cameraMode":{"drawMode":0,"name":"Shaded","section":"Shading Mode"},"sceneLighting":false,"audioPlay":false,"sceneViewState":{"m_AlwaysRefresh":false,"showFog":true,"showSkybox":true,"showFlares":true,"showImageEffects":true,"showParticleSystems":true,"showVisualEffectGraphs":true,"m_FxEnabled":true},"in2DMode":false,"pivot":{"x":0.047751665115356448,"y":0.9643267393112183,"z":-0.09054899215698242},"rotation":{"x":-0.023498056456446649,"y":0.9747554659843445,"z":-0.18373721837997437,"w":-0.12466105818748474},"size":1.6873884201049805,"orthographic":false}